date,firstname,lastname,flyinghours,numberofpassengers,ticketsold,seatsvacant,delaystatus,flightsource,flightdestination
2022-01-01,elizabeth,gonzalez,9,78,31,47,on-time,ccu,hyd
2022-01-02,joshua,garrett,5,238,56,182,delayed,trv,amd
2022-01-03,matthew,johnson,4,57,32,25,delayed,ccu,trv
2022-01-04,amy,pope,8,56,47,9,delayed,goi,amd
2022-01-05,ashley,james,5,164,101,63,delayed,blr,cok
2022-01-06,sarah,dudley,6,121,49,72,delayed,maa,bom
2022-01-07,gary,chen,4,147,42,105,on-time,maa,hyd
2022-01-08,daniel,nolan,4,236,147,89,delayed,amd,bom
2022-01-09,andrew,kim,8,125,110,15,on-time,trv,ccu
2022-01-10,april,baker,9,67,32,35,delayed,hyd,bom
2022-01-11,brittany,mitchell,5,271,55,216,on-time,hyd,goi
2022-01-12,erik,martinez,9,263,123,140,delayed,maa,amd
2022-01-13,laura,jimenez,5,221,98,123,delayed,trv,blr
2022-01-14,alexandra,bryant,8,236,92,144,delayed,cok,amd
2022-01-15,john,waller,6,286,142,144,on-time,del,hyd
2022-01-16,david,wilson,4,256,110,146,on-time,hyd,bom
2022-01-17,jeffrey,miller,5,283,271,12,on-time,ccu,goi
2022-01-18,brian,huynh,7,276,264,12,on-time,blr,maa
2022-01-19,patricia,sharp,5,113,101,12,on-time,trv,amd
2022-01-20,richard,jefferson,8,152,76,76,delayed,blr,trv
2022-01-21,clayton,zuniga,7,73,33,40,delayed,blr,ccu
2022-01-22,rita,mata,9,158,46,112,on-time,amd,goi
2022-01-23,brian,daniel,8,114,100,14,delayed,bom,trv
2022-01-24,kellie,paul,6,246,194,52,on-time,bom,maa
2022-01-25,mark,haynes,7,90,59,31,delayed,hyd,trv
2022-01-26,angela,miller,5,179,57,122,on-time,goi,ccu
2022-01-27,phyllis,strong,5,145,127,18,delayed,goi,trv
2022-01-28,sheri,brown,4,203,112,91,on-time,del,blr
2022-01-29,joseph,banks,6,274,242,32,on-time,ccu,del
2022-01-30,paul,adams,5,274,175,99,delayed,bom,goi
2022-01-31,tyler,reynolds,4,300,94,206,delayed,cok,trv
2022-02-01,katherine,estrada,5,117,97,20,on-time,ccu,trv
2022-02-02,jerome,curry,9,226,81,145,on-time,amd,maa
2022-02-03,heather,price,7,280,162,118,on-time,bom,hyd
2022-02-04,evan,ruiz,5,66,51,15,delayed,trv,goi
2022-02-05,michael,white,5,200,86,114,delayed,bom,del
2022-02-06,lisa,harding,5,67,32,35,on-time,bom,trv
2022-02-07,anthony,rodriguez,5,121,115,6,on-time,ccu,trv
2022-02-08,david,luna,5,235,176,59,on-time,ccu,goi
2022-02-09,douglas,colon,7,98,42,56,delayed,amd,maa
2022-02-10,benjamin,perez,7,155,89,66,delayed,bom,del
2022-02-11,timothy,lynn,7,236,116,120,delayed,ccu,hyd
2022-02-12,johnathan,jensen,5,187,144,43,delayed,amd,blr
2022-02-13,brandy,cline,6,168,93,75,delayed,cok,trv
2022-02-14,gabriel,blankenship,4,62,30,32,delayed,ccu,blr
2022-02-15,kelly,mcpherson,7,174,153,21,delayed,amd,del
2022-02-16,samuel,davis,5,147,30,117,on-time,hyd,goi
2022-02-17,john,moyer,6,158,154,4,delayed,ccu,maa
2022-02-18,kimberly,ferguson,5,297,59,238,delayed,maa,del
2022-02-19,jason,davis,4,199,152,47,delayed,del,trv
2022-02-20,debra,watson,4,267,77,190,delayed,trv,bom
2022-02-21,kara,jones,9,270,90,180,on-time,bom,hyd
2022-02-22,cheryl,shelton,8,202,40,162,delayed,amd,trv
2022-02-23,miranda,davis,6,289,163,126,delayed,maa,ccu
2022-02-24,kara,gaines,6,151,46,105,on-time,cok,maa
2022-02-25,zachary,johnson,4,52,44,8,delayed,bom,trv
2022-02-26,donald,watson,5,179,97,82,delayed,maa,bom
2022-02-27,lauren,harris,5,144,66,78,delayed,cok,trv
2022-02-28,connie,garcia,9,127,108,19,delayed,goi,hyd
2022-03-01,natalie,lawrence,9,76,38,38,on-time,bom,blr
2022-03-02,heather,morris,9,191,69,122,on-time,hyd,ccu
2022-03-03,elizabeth,jacobson,9,137,56,81,on-time,goi,cok
2022-03-04,kathy,todd,6,281,262,19,delayed,bom,cok
2022-03-05,darryl,allen,6,61,30,31,on-time,blr,maa
2022-03-06,hailey,taylor,5,239,143,96,on-time,goi,del
2022-03-07,alexandra,smith,4,69,39,30,delayed,maa,trv
2022-03-08,sherry,nelson,5,160,62,98,delayed,hyd,amd
2022-03-09,christian,alvarez,4,280,121,159,delayed,ccu,bom
2022-03-10,catherine,anderson,6,249,173,76,on-time,trv,blr
2022-03-11,shelia,gonzalez,5,271,71,200,delayed,amd,del
2022-03-12,larry,larson,5,238,115,123,on-time,ccu,maa
2022-03-13,james,shepherd,5,251,209,42,delayed,amd,del
2022-03-14,susan,diaz,7,106,55,51,on-time,maa,hyd
2022-03-15,donna,wilson,5,107,33,74,delayed,amd,maa
2022-03-16,caleb,little,6,271,47,224,on-time,maa,trv
2022-03-17,brian,george,7,223,167,56,on-time,del,blr
2022-03-18,marisa,brown,6,95,63,32,delayed,bom,cok
2022-03-19,debbie,schmidt,6,236,231,5,on-time,amd,trv
2022-03-20,hannah,lyons,4,148,145,3,delayed,hyd,del
2022-03-21,susan,scott,9,161,30,131,delayed,maa,cok
2022-03-22,deborah,berry,4,292,199,93,on-time,bom,maa
2022-03-23,marissa,davis,8,129,115,14,on-time,maa,cok
2022-03-24,katherine,jones,9,125,100,25,delayed,ccu,cok
2022-03-25,mark,smith,9,290,224,66,delayed,trv,hyd
2022-03-26,dana,galloway,7,190,30,160,on-time,hyd,ccu
2022-03-27,rhonda,owen,7,251,178,73,on-time,cok,goi
2022-03-28,nathan,james,7,222,84,138,on-time,blr,bom
2022-03-29,kenneth,barrett,6,181,115,66,delayed,ccu,maa
2022-03-30,claudia,castillo,5,256,80,176,delayed,del,bom
2022-03-31,austin,jennings,5,171,48,123,on-time,amd,ccu
2022-04-01,laura,richardson,9,228,128,100,on-time,amd,ccu
2022-04-02,richard,roberts,5,217,206,11,delayed,bom,cok
2022-04-03,ian,wall,5,95,89,6,delayed,goi,ccu
2022-04-04,kenneth,smith,4,166,64,102,on-time,goi,trv
2022-04-05,vincent,hudson,8,131,126,5,on-time,trv,goi
2022-04-06,timothy,chambers,7,262,262,0,on-time,blr,goi
2022-04-07,heather,barber,7,116,61,55,on-time,goi,cok
2022-04-08,kim,erickson,9,111,65,46,on-time,bom,maa
2022-04-09,maria,carr,5,119,72,47,on-time,goi,bom
2022-04-10,linda,armstrong,5,88,44,44,on-time,blr,hyd
2022-04-11,brian,holmes,4,156,82,74,on-time,goi,cok
2022-04-12,thomas,carrillo,7,65,43,22,on-time,amd,del
2022-04-13,cory,johnson,8,147,91,56,delayed,maa,hyd
2022-04-14,karen,thornton,7,268,258,10,on-time,goi,trv
2022-04-15,sharon,smith,8,279,86,193,on-time,ccu,maa
2022-04-16,jennifer,jackson,7,174,37,137,on-time,maa,cok
2022-04-17,thomas,green,9,92,83,9,on-time,blr,trv
2022-04-18,brian,hill,4,282,130,152,delayed,bom,cok
2022-04-19,daniel,maldonado,5,271,148,123,delayed,del,maa
2022-04-20,brian,chambers,7,133,57,76,on-time,maa,amd
2022-04-21,kristin,kelly,7,121,83,38,on-time,bom,goi
2022-04-22,jacob,ortega,4,241,168,73,delayed,maa,ccu
2022-04-23,jason,kelly,9,67,32,35,delayed,ccu,hyd
2022-04-24,thomas,vaughn,4,209,69,140,delayed,blr,goi
2022-04-25,ana,jones,9,79,66,13,delayed,cok,hyd
2022-04-26,adam,mcdonald,6,92,68,24,delayed,blr,maa
2022-04-27,tonya,wade,4,198,36,162,on-time,trv,amd
2022-04-28,christina,mata,7,291,131,160,delayed,trv,ccu
2022-04-29,tyler,schneider,4,228,227,1,on-time,trv,bom
2022-04-30,melissa,gentry,8,250,40,210,on-time,goi,amd
2022-05-01,robin,long,9,144,38,106,on-time,del,cok
2022-05-02,alicia,foster,7,77,57,20,on-time,cok,blr
2022-05-03,matthew,douglas,7,95,64,31,on-time,cok,amd
2022-05-04,jasmine,mitchell,9,201,98,103,on-time,ccu,bom
2022-05-05,brittany,hunt,6,275,145,130,delayed,cok,amd
2022-05-06,steven,diaz,6,57,45,12,on-time,blr,goi
2022-05-07,david,peters,5,140,132,8,on-time,maa,hyd
2022-05-08,james,hayes,8,229,100,129,delayed,goi,ccu
2022-05-09,lucas,gomez,4,111,82,29,on-time,goi,ccu
2022-05-10,jason,white,9,171,155,16,on-time,del,blr
2022-05-11,alejandra,graves,6,106,81,25,delayed,hyd,amd
2022-05-12,jimmy,lopez,7,191,165,26,on-time,amd,trv
2022-05-13,michelle,carr,6,140,119,21,on-time,hyd,maa
2022-05-14,shelby,howard,6,109,45,64,delayed,maa,bom
2022-05-15,april,saunders,9,187,77,110,delayed,ccu,goi
2022-05-16,rebecca,carter,6,235,180,55,on-time,bom,hyd
2022-05-17,jared,brown,6,108,76,32,delayed,hyd,del
2022-05-18,joshua,king,9,186,62,124,on-time,del,bom
2022-05-19,sabrina,shepherd,8,124,119,5,delayed,cok,bom
2022-05-20,matthew,newman,4,196,102,94,on-time,cok,goi
2022-05-21,kristopher,bartlett,6,97,36,61,on-time,cok,bom
2022-05-22,michael,shaw,4,152,92,60,delayed,trv,del
2022-05-23,whitney,giles,5,88,81,7,on-time,bom,hyd
2022-05-24,stephen,evans,4,192,136,56,delayed,goi,amd
2022-05-25,kevin,cole,7,282,143,139,on-time,trv,amd
2022-05-26,paul,murphy,6,195,188,7,delayed,trv,bom
2022-05-27,joseph,robinson,5,210,84,126,on-time,bom,ccu
2022-05-28,michelle,stewart,5,94,39,55,delayed,del,cok
2022-05-29,jonathan,greer,7,226,182,44,on-time,hyd,del
2022-05-30,david,king,5,123,120,3,on-time,cok,bom
2022-05-31,julia,blackwell,9,109,63,46,delayed,amd,bom
2022-06-01,shane,james,8,107,49,58,on-time,blr,bom
2022-06-02,charles,horn,4,92,80,12,on-time,trv,hyd
2022-06-03,timothy,rodriguez,7,81,59,22,on-time,amd,hyd
2022-06-04,steven,duran,8,188,156,32,on-time,bom,del
2022-06-05,phillip,garza,7,238,112,126,on-time,del,blr
2022-06-06,rachel,sims,5,296,40,256,on-time,trv,del
2022-06-07,kevin,thomas,5,170,162,8,on-time,hyd,blr
2022-06-08,james,branch,8,161,155,6,delayed,cok,maa
2022-06-09,jessica,cooke,7,135,71,64,delayed,blr,amd
2022-06-10,gregory,jenkins,7,227,156,71,on-time,amd,trv
2022-06-11,christine,white,4,166,52,114,on-time,hyd,amd
2022-06-12,walter,fernandez,4,298,236,62,delayed,goi,cok
2022-06-13,jackson,williams,7,63,42,21,on-time,trv,cok
2022-06-14,james,barber,9,163,43,120,delayed,hyd,trv
2022-06-15,tammy,camacho,5,287,177,110,on-time,cok,bom
2022-06-16,douglas,bryant,4,299,152,147,delayed,hyd,trv
2022-06-17,ellen,martin,4,191,134,57,delayed,ccu,bom
2022-06-18,anthony,miller,7,292,90,202,delayed,cok,hyd
2022-06-19,kenneth,flowers,8,230,99,131,on-time,cok,goi
2022-06-20,ricky,freeman,5,166,67,99,on-time,ccu,trv
2022-06-21,deanna,ramirez,9,275,64,211,delayed,hyd,cok
2022-06-22,peggy,hall,6,289,289,0,on-time,del,maa
2022-06-23,audrey,smith,9,126,105,21,on-time,blr,goi
2022-06-24,michael,butler,8,173,118,55,on-time,goi,trv
2022-06-25,jamie,ramos,7,166,112,54,delayed,ccu,cok
2022-06-26,kathleen,gill,5,269,228,41,on-time,del,amd
2022-06-27,stephen,johnson,9,171,127,44,on-time,blr,goi
2022-06-28,sara,nunez,4,82,62,20,on-time,bom,goi
2022-06-29,david,clark,4,184,146,38,delayed,blr,cok
2022-06-30,maria,oneal,9,298,109,189,delayed,cok,hyd
2022-07-01,eric,schaefer,6,209,207,2,on-time,bom,amd
2022-07-02,christopher,santos,9,269,166,103,on-time,maa,goi
2022-07-03,shannon,wright,8,59,49,10,delayed,ccu,maa
2022-07-04,rachel,whitehead,5,241,53,188,on-time,bom,blr
2022-07-05,tyler,baker,7,92,74,18,on-time,del,bom
2022-07-06,patrick,thomas,6,253,44,209,on-time,maa,amd
2022-07-07,catherine,wilson,7,87,45,42,on-time,trv,blr
2022-07-08,stephanie,bonilla,5,94,40,54,on-time,trv,ccu
2022-07-09,cynthia,stewart,7,283,179,104,delayed,ccu,goi
2022-07-10,joshua,williams,9,115,88,27,on-time,del,goi
2022-07-11,michael,ramos,6,223,169,54,delayed,bom,goi
2022-07-12,mercedes,simpson,6,200,106,94,on-time,hyd,goi
2022-07-13,bobby,cook,6,100,79,21,on-time,bom,hyd
2022-07-14,tammy,hall,7,196,121,75,on-time,hyd,del
2022-07-15,adam,sexton,9,151,65,86,delayed,trv,del
2022-07-16,steven,horne,8,240,157,83,on-time,ccu,amd
2022-07-17,stephanie,shields,5,212,78,134,on-time,blr,bom
2022-07-18,emily,perry,9,215,40,175,on-time,cok,del
2022-07-19,christine,ho,8,143,123,20,delayed,bom,maa
2022-07-20,paul,tran,6,241,136,105,delayed,ccu,blr
2022-07-21,kimberly,smith,8,274,123,151,on-time,blr,maa
2022-07-22,yvonne,freeman,7,297,181,116,on-time,bom,goi
2022-07-23,cynthia,sanders,4,86,78,8,delayed,amd,trv
2022-07-24,samantha,dixon,6,73,55,18,delayed,hyd,trv
2022-07-25,belinda,spencer,4,166,124,42,on-time,trv,amd
2022-07-26,mary,johnson,9,290,220,70,delayed,ccu,goi
2022-07-27,leslie,weber,4,208,173,35,on-time,trv,ccu
2022-07-28,kimberly,beck,9,66,59,7,on-time,amd,bom
2022-07-29,evan,dickerson,5,61,32,29,on-time,cok,bom
2022-07-30,jeremy,wilson,4,110,98,12,delayed,amd,goi
2022-07-31,kelly,hawkins,6,221,220,1,on-time,trv,blr
2022-08-01,donna,wright,7,217,55,162,on-time,trv,amd
2022-08-02,destiny,kaiser,6,58,52,6,on-time,ccu,goi
2022-08-03,john,rojas,7,293,150,143,on-time,bom,amd
2022-08-04,kyle,bonilla,8,280,280,0,on-time,del,cok
2022-08-05,michael,medina,6,98,45,53,on-time,bom,hyd
2022-08-06,david,flowers,9,213,182,31,delayed,del,amd
2022-08-07,noah,harris,5,82,80,2,delayed,bom,trv
2022-08-08,leslie,black,5,200,85,115,delayed,maa,blr
2022-08-09,sally,edwards,8,50,38,12,delayed,blr,trv
2022-08-10,jane,pham,6,254,74,180,delayed,del,ccu
2022-08-11,christine,torres,4,141,131,10,delayed,trv,maa
2022-08-12,tyler,cooley,4,94,63,31,delayed,blr,cok
2022-08-13,jacob,hughes,8,79,77,2,delayed,cok,goi
2022-08-14,kelly,williamson,6,181,181,0,delayed,cok,trv
2022-08-15,ariana,hanson,5,292,52,240,on-time,cok,del
2022-08-16,melissa,skinner,4,172,132,40,on-time,bom,goi
2022-08-17,betty,gentry,9,282,143,139,delayed,bom,amd
2022-08-18,sonia,williams,8,87,34,53,delayed,hyd,trv
2022-08-19,barbara,gonzalez,9,133,78,55,on-time,cok,trv
2022-08-20,jeremy,perkins,8,160,55,105,delayed,goi,ccu
2022-08-21,mary,peterson,7,165,88,77,on-time,maa,goi
2022-08-22,lynn,robinson,7,156,123,33,delayed,maa,cok
2022-08-23,oscar,martin,6,220,95,125,on-time,blr,goi
2022-08-24,danielle,parker,4,73,35,38,delayed,amd,bom
2022-08-25,kathleen,swanson,9,239,125,114,delayed,goi,del
2022-08-26,diana,morris,8,294,198,96,delayed,amd,maa
2022-08-27,samuel,edwards,9,290,246,44,delayed,hyd,maa
2022-08-28,evan,miranda,6,76,66,10,delayed,blr,goi
2022-08-29,jennifer,estes,5,266,57,209,on-time,goi,maa
2022-08-30,autumn,figueroa,4,245,101,144,delayed,amd,trv
2022-08-31,sara,morales,8,207,202,5,delayed,trv,hyd
2022-09-01,pamela,skinner,4,96,64,32,on-time,maa,amd
2022-09-02,julie,mcdonald,4,96,48,48,on-time,bom,ccu
2022-09-03,julia,riley,9,212,37,175,delayed,goi,ccu
2022-09-04,travis,turner,7,157,146,11,on-time,blr,amd
2022-09-05,leslie,martinez,6,234,113,121,delayed,del,ccu
2022-09-06,jessica,simon,5,243,188,55,delayed,bom,maa
2022-09-07,allison,mcfarland,7,219,138,81,on-time,trv,cok
2022-09-08,brett,lynch,7,119,57,62,delayed,maa,cok
2022-09-09,tara,simmons,4,122,116,6,on-time,goi,hyd
2022-09-10,amy,mullins,4,106,80,26,delayed,del,hyd
2022-09-11,hannah,powers,6,292,138,154,delayed,hyd,maa
2022-09-12,lauren,kelly,6,80,30,50,on-time,amd,blr
2022-09-13,courtney,miller,5,147,98,49,delayed,goi,trv
2022-09-14,luis,adams,9,256,120,136,delayed,amd,del
2022-09-15,maria,nunez,7,54,44,10,delayed,maa,cok
2022-09-16,edward,jones,8,153,120,33,on-time,hyd,bom
2022-09-17,taylor,davis,7,55,40,15,delayed,trv,cok
2022-09-18,mark,chen,9,285,215,70,delayed,amd,bom
2022-09-19,jason,lewis,5,161,132,29,delayed,amd,hyd
2022-09-20,leonard,walker,9,136,58,78,on-time,blr,bom
2022-09-21,jill,lawson,8,212,59,153,delayed,maa,amd
2022-09-22,rita,johnson,9,295,105,190,delayed,bom,ccu
2022-09-23,james,ramirez,6,100,52,48,delayed,bom,ccu
2022-09-24,kelsey,ramirez,9,176,148,28,on-time,trv,maa
2022-09-25,douglas,downs,9,130,49,81,on-time,bom,goi
2022-09-26,lisa,smith,7,211,107,104,on-time,trv,del
2022-09-27,christopher,morris,6,179,48,131,on-time,cok,goi
2022-09-28,kyle,montoya,4,64,53,11,on-time,bom,blr
2022-09-29,dwayne,cruz,8,202,159,43,on-time,cok,trv
2022-09-30,emily,stein,9,279,40,239,on-time,trv,ccu
2022-10-01,jared,guerrero,6,204,151,53,delayed,del,goi
2022-10-02,andrew,williamson,4,257,244,13,on-time,bom,trv
2022-10-03,james,fox,9,94,35,59,delayed,cok,goi
2022-10-04,lisa,barajas,8,183,70,113,on-time,maa,hyd
2022-10-05,ashley,lopez,7,154,129,25,on-time,trv,del
2022-10-06,james,green,9,215,115,100,delayed,maa,bom
2022-10-07,mark,avila,8,223,128,95,on-time,hyd,blr
2022-10-08,joshua,woods,6,70,67,3,delayed,maa,hyd
2022-10-09,kristen,carney,9,228,199,29,on-time,blr,bom
2022-10-10,rebecca,vasquez,6,193,126,67,on-time,blr,trv
2022-10-11,derrick,barker,4,215,201,14,on-time,goi,maa
2022-10-12,sean,cummings,4,142,69,73,delayed,ccu,amd
2022-10-13,frank,mendez,7,99,58,41,delayed,blr,bom
2022-10-14,jacqueline,price,6,266,231,35,delayed,goi,trv
2022-10-15,kim,sparks,9,276,164,112,delayed,maa,blr
2022-10-16,dawn,hart,8,146,49,97,delayed,blr,ccu
2022-10-17,julia,morgan,9,162,41,121,on-time,maa,ccu
2022-10-18,rhonda,lyons,7,206,102,104,on-time,ccu,trv
2022-10-19,patrick,rowland,5,129,90,39,delayed,maa,goi
2022-10-20,timothy,rodriguez,7,246,102,144,on-time,goi,trv
2022-10-21,brandy,bolton,7,297,112,185,delayed,trv,blr
2022-10-22,timothy,sharp,6,63,60,3,on-time,goi,bom
2022-10-23,jose,wise,9,266,162,104,delayed,hyd,bom
2022-10-24,kristy,edwards,5,119,87,32,delayed,amd,bom
2022-10-25,john,banks,5,259,145,114,on-time,del,cok
2022-10-26,donna,fritz,4,151,94,57,on-time,ccu,cok
2022-10-27,adrian,potts,4,145,58,87,delayed,maa,bom
2022-10-28,whitney,lin,9,216,115,101,delayed,blr,del
2022-10-29,sierra,hernandez,6,284,242,42,on-time,blr,goi
2022-10-30,jason,cummings,7,207,31,176,delayed,del,maa
2022-10-31,angela,williams,5,263,68,195,on-time,bom,maa
2022-11-01,kristin,zhang,5,127,45,82,delayed,ccu,cok
2022-11-02,tiffany,young,9,253,189,64,on-time,bom,blr
2022-11-03,michael,jones,7,202,167,35,delayed,goi,ccu
2022-11-04,kimberly,poole,9,86,48,38,on-time,del,amd
2022-11-05,sydney,roman,5,196,136,60,delayed,bom,trv
2022-11-06,andrea,bennett,6,67,63,4,delayed,amd,goi
2022-11-07,amy,rush,4,212,129,83,on-time,hyd,del
2022-11-08,bianca,robinson,6,251,47,204,on-time,ccu,bom
2022-11-09,joy,torres,8,238,223,15,on-time,blr,del
2022-11-10,mitchell,lowe,6,189,116,73,delayed,cok,goi
2022-11-11,tommy,blevins,9,96,47,49,delayed,cok,del
2022-11-12,jose,thomas,6,101,35,66,delayed,del,amd
2022-11-13,christopher,murray,6,181,131,50,on-time,hyd,del
2022-11-14,amanda,nunez,9,98,66,32,on-time,del,amd
2022-11-15,karen,tyler,6,81,81,0,on-time,amd,cok
2022-11-16,kevin,campbell,9,162,128,34,on-time,blr,goi
2022-11-17,tina,gray,9,177,124,53,on-time,bom,cok
2022-11-18,jasmine,gilbert,4,160,76,84,on-time,maa,bom
2022-11-19,chris,brown,4,133,114,19,on-time,hyd,goi
2022-11-20,denise,hebert,8,233,139,94,delayed,cok,maa
2022-11-21,lisa,nelson,7,60,53,7,on-time,trv,amd
2022-11-22,randy,cherry,6,213,44,169,delayed,amd,maa
2022-11-23,melissa,sandoval,8,255,221,34,delayed,del,ccu
2022-11-24,christina,garza,8,223,142,81,delayed,blr,bom
2022-11-25,heidi,garza,5,249,195,54,on-time,maa,cok
2022-11-26,tyler,rogers,8,58,49,9,delayed,cok,maa
2022-11-27,nicholas,atkinson,6,163,49,114,delayed,goi,maa
2022-11-28,leslie,franco,7,130,113,17,on-time,ccu,bom
2022-11-29,robert,juarez,4,238,77,161,on-time,goi,amd
2022-11-30,willie,navarro,8,80,46,34,on-time,cok,ccu
2022-12-01,paul,stewart,8,123,118,5,on-time,ccu,bom
2022-12-02,jeremy,thomas,5,268,48,220,on-time,blr,goi
2022-12-03,howard,douglas,4,257,204,53,on-time,maa,bom
2022-12-04,jennifer,colon,8,188,104,84,on-time,blr,ccu
2022-12-05,amy,johnson,6,180,87,93,delayed,ccu,blr
2022-12-06,tiffany,brown,5,252,156,96,delayed,maa,trv
2022-12-07,angela,hester,8,144,89,55,delayed,trv,bom
2022-12-08,eric,hart,4,129,80,49,on-time,goi,amd
2022-12-09,michael,sampson,7,260,177,83,delayed,blr,amd
2022-12-10,christopher,martin,9,68,58,10,on-time,goi,maa
2022-12-11,laura,perry,5,274,242,32,delayed,blr,cok
2022-12-12,michael,hernandez,8,283,252,31,delayed,bom,trv
2022-12-13,cassandra,compton,5,127,51,76,delayed,maa,ccu
2022-12-14,yvonne,bond,6,292,175,117,delayed,hyd,ccu
2022-12-15,anthony,gomez,9,294,170,124,delayed,hyd,trv
2022-12-16,david,torres,4,178,73,105,delayed,blr,amd
2022-12-17,thomas,baker,8,60,56,4,delayed,bom,del
2022-12-18,sheila,braun,9,247,177,70,on-time,ccu,cok
2022-12-19,jessica,williams,8,213,37,176,on-time,goi,hyd
2022-12-20,joe,hays,9,294,184,110,on-time,ccu,cok
2022-12-21,christopher,fields,6,166,48,118,delayed,blr,goi
2022-12-22,daniel,hamilton,7,173,148,25,delayed,maa,blr
2022-12-23,ashley,anderson,6,270,213,57,on-time,maa,cok
2022-12-24,kelsey,cochran,5,244,124,120,delayed,maa,ccu
2022-12-25,sherry,cooper,7,81,47,34,on-time,ccu,blr
2022-12-26,theresa,nelson,4,62,48,14,on-time,trv,amd
2022-12-27,brian,mitchell,5,296,111,185,on-time,trv,maa
2022-12-28,michelle,hill,5,245,70,175,on-time,goi,cok
2022-12-29,tammy,ramos,7,275,108,167,on-time,del,blr
2022-12-30,steven,rodgers,7,179,147,32,delayed,ccu,amd
2022-12-31,kevin,rogers,4,62,48,14,on-time,trv,cok
2023-01-01,jacob,fischer,6,187,32,155,delayed,amd,blr
2023-01-02,tamara,ramirez,6,236,123,113,on-time,maa,del
2023-01-03,jeremy,anderson,7,63,42,21,on-time,goi,hyd
2023-01-04,bonnie,peters,4,148,94,54,on-time,goi,hyd
2023-01-05,james,davis,8,224,186,38,delayed,blr,bom
2023-01-06,crystal,calderon,7,145,131,14,on-time,goi,maa
2023-01-07,mikayla,harris,5,100,95,5,on-time,goi,del
2023-01-08,john,patterson,4,59,34,25,on-time,cok,trv
2023-01-09,james,west,7,88,68,20,delayed,maa,amd
2023-01-10,derek,jones,5,150,108,42,on-time,trv,maa
2023-01-11,chad,ruiz,8,262,160,102,on-time,trv,hyd
2023-01-12,maria,cooley,7,258,34,224,on-time,maa,bom
2023-01-13,amy,dickson,7,199,108,91,delayed,trv,cok
2023-01-14,maria,hernandez,6,297,146,151,delayed,trv,cok
2023-01-15,victoria,ballard,5,184,127,57,delayed,ccu,del
2023-01-16,maria,perez,8,292,86,206,delayed,del,goi
2023-01-17,stephanie,wright,6,157,68,89,on-time,ccu,cok
2023-01-18,julie,underwood,8,248,186,62,on-time,del,ccu
2023-01-19,william,merritt,8,103,101,2,on-time,cok,trv
2023-01-20,steven,robinson,7,130,52,78,on-time,goi,maa
2023-01-21,mary,anderson,8,140,116,24,on-time,trv,cok
2023-01-22,carolyn,cardenas,5,295,156,139,on-time,goi,hyd
2023-01-23,anita,thomas,5,291,182,109,on-time,ccu,goi
2023-01-24,julie,ortega,6,172,119,53,on-time,hyd,bom
2023-01-25,rita,johnson,8,223,169,54,on-time,amd,maa
2023-01-26,maria,schwartz,5,124,35,89,on-time,bom,amd
2023-01-27,leslie,murphy,7,217,95,122,on-time,ccu,hyd
2023-01-28,alexis,flynn,8,119,101,18,on-time,blr,bom
2023-01-29,justin,mccarthy,8,239,180,59,delayed,ccu,del
2023-01-30,kimberly,cooper,9,281,165,116,delayed,ccu,del
2023-01-31,sophia,thomas,4,155,72,83,on-time,bom,ccu
2023-02-01,darrell,west,4,296,110,186,on-time,cok,goi
2023-02-02,ashley,baldwin,9,101,66,35,on-time,hyd,del
2023-02-03,shannon,harris,4,216,176,40,delayed,goi,del
2023-02-04,rachel,weeks,5,156,142,14,delayed,del,cok
2023-02-05,alan,travis,7,97,67,30,delayed,del,maa
2023-02-06,gregory,rush,8,204,57,147,on-time,hyd,goi
2023-02-07,kevin,martinez,9,189,164,25,on-time,blr,trv
2023-02-08,shane,ramirez,7,119,54,65,delayed,maa,blr
2023-02-09,john,white,9,167,95,72,delayed,del,amd
2023-02-10,john,parrish,6,195,79,116,delayed,trv,amd
2023-02-11,scott,kim,7,181,113,68,delayed,amd,bom
2023-02-12,deborah,turner,5,85,60,25,on-time,ccu,del
2023-02-13,shannon,smith,6,148,60,88,on-time,hyd,amd
2023-02-14,jake,daniel,6,199,176,23,delayed,hyd,amd
2023-02-15,jodi,terry,9,110,37,73,delayed,cok,hyd
2023-02-16,jeffrey,mcgee,5,153,117,36,on-time,bom,maa
2023-02-17,colton,fowler,6,207,86,121,delayed,blr,goi
2023-02-18,pamela,smith,5,166,125,41,on-time,goi,cok
2023-02-19,megan,nguyen,8,255,200,55,delayed,ccu,bom
2023-02-20,sandra,miller,8,164,122,42,delayed,trv,bom
2023-02-21,travis,adams,4,262,170,92,delayed,trv,goi
2023-02-22,veronica,garcia,5,92,50,42,on-time,bom,hyd
2023-02-23,carl,perkins,9,199,155,44,delayed,goi,cok
2023-02-24,jason,salazar,4,166,63,103,on-time,cok,del
2023-02-25,emily,pierce,8,168,108,60,delayed,amd,hyd
2023-02-26,brian,leonard,4,240,85,155,delayed,del,cok
2023-02-27,paul,barry,6,229,46,183,delayed,bom,goi
2023-02-28,patricia,copeland,4,123,82,41,delayed,blr,cok
2023-03-01,jason,knight,6,278,127,151,on-time,amd,cok
2023-03-02,nancy,moore,4,224,199,25,delayed,maa,bom
2023-03-03,theresa,gardner,5,187,130,57,delayed,ccu,del
2023-03-04,heather,perkins,4,300,182,118,on-time,goi,amd
2023-03-05,hannah,lynch,8,147,135,12,delayed,ccu,goi
2023-03-06,michael,freeman,6,89,47,42,delayed,bom,del
2023-03-07,christopher,thomas,9,157,34,123,delayed,ccu,bom
2023-03-08,timothy,nelson,4,202,38,164,on-time,trv,del
2023-03-09,kimberly,spence,5,239,41,198,on-time,cok,ccu
2023-03-10,todd,tucker,8,105,37,68,delayed,goi,hyd
2023-03-11,nicole,bell,5,258,217,41,on-time,trv,maa
2023-03-12,emily,evans,5,127,48,79,delayed,amd,hyd
2023-03-13,sharon,palmer,6,65,65,0,delayed,amd,trv
2023-03-14,david,johnson,7,62,52,10,on-time,goi,maa
2023-03-15,richard,hodges,9,156,82,74,delayed,hyd,cok
2023-03-16,jessica,wheeler,5,243,167,76,on-time,ccu,hyd
2023-03-17,michael,mann,6,269,211,58,delayed,cok,del
2023-03-18,kathy,brown,8,155,153,2,on-time,goi,trv
2023-03-19,andrea,wells,5,149,61,88,on-time,ccu,amd
2023-03-20,michael,graham,9,70,58,12,on-time,bom,trv
2023-03-21,tracy,stewart,9,262,78,184,delayed,hyd,cok
2023-03-22,julie,lewis,9,204,184,20,delayed,bom,hyd
2023-03-23,adrienne,reynolds,8,235,201,34,delayed,cok,ccu
2023-03-24,katelyn,washington,6,127,31,96,delayed,ccu,bom
2023-03-25,tracy,nelson,9,243,152,91,delayed,trv,ccu
2023-03-26,cody,miller,7,284,91,193,on-time,hyd,cok
2023-03-27,anthony,orr,7,186,121,65,on-time,hyd,amd
2023-03-28,george,vargas,8,275,157,118,on-time,bom,goi
2023-03-29,william,gill,6,284,82,202,on-time,maa,cok
2023-03-30,wesley,yates,4,194,86,108,delayed,del,maa
2023-03-31,kyle,sparks,8,289,243,46,on-time,blr,hyd
2023-04-01,jennifer,hampton,6,108,78,30,delayed,cok,trv
2023-04-02,justin,singh,9,291,202,89,on-time,cok,goi
2023-04-03,brian,gilbert,7,93,75,18,delayed,blr,trv
2023-04-04,carmen,lane,7,97,37,60,delayed,bom,del
2023-04-05,luke,jones,4,155,47,108,delayed,bom,ccu
2023-04-06,wyatt,miller,4,105,94,11,on-time,maa,del
2023-04-07,troy,small,8,213,200,13,on-time,cok,del
2023-04-08,andrew,hudson,4,186,171,15,on-time,del,bom
2023-04-09,vincent,adams,8,234,100,134,on-time,del,trv
2023-04-10,matthew,rivas,9,222,140,82,delayed,bom,blr
2023-04-11,connie,boyle,8,88,45,43,delayed,trv,goi
2023-04-12,alexander,jones,6,258,120,138,on-time,amd,bom
2023-04-13,darlene,campbell,6,295,237,58,on-time,trv,ccu
2023-04-14,jennifer,leonard,9,107,68,39,delayed,del,blr
2023-04-15,anita,williams,7,147,78,69,on-time,del,bom
2023-04-16,jeffery,keller,9,93,40,53,on-time,amd,maa
2023-04-17,jesse,may,8,300,78,222,delayed,ccu,hyd
2023-04-18,eric,andrews,9,277,175,102,on-time,hyd,del
2023-04-19,jessica,carroll,4,225,101,124,delayed,blr,amd
2023-04-20,kristina,ferguson,4,296,136,160,delayed,amd,bom
2023-04-21,peter,valentine,6,91,66,25,delayed,trv,amd
2023-04-22,jeffrey,howard,9,279,168,111,on-time,amd,blr
2023-04-23,elizabeth,pearson,9,235,50,185,on-time,del,blr
2023-04-24,julie,ross,7,109,39,70,on-time,trv,amd
2023-04-25,matthew,simpson,6,57,50,7,on-time,cok,goi
2023-04-26,shelly,robertson,5,141,100,41,on-time,amd,blr
2023-04-27,debbie,cox,9,199,199,0,on-time,bom,maa
2023-04-28,justin,hogan,5,232,48,184,delayed,hyd,blr
2023-04-29,samantha,ellison,7,232,230,2,delayed,amd,maa
2023-04-30,john,sanders,6,77,35,42,delayed,hyd,goi
2023-05-01,brian,berry,6,244,99,145,delayed,blr,bom
2023-05-02,matthew,castro,5,160,144,16,on-time,bom,del
2023-05-03,michael,warner,4,140,100,40,delayed,trv,maa
2023-05-04,anthony,serrano,7,53,39,14,on-time,amd,bom
2023-05-05,evelyn,martinez,9,280,173,107,delayed,trv,goi
2023-05-06,charles,stewart,5,225,127,98,delayed,blr,maa
2023-05-07,charles,kaufman,6,118,93,25,delayed,bom,ccu
2023-05-08,larry,johnson,7,120,83,37,on-time,cok,bom
2023-05-09,alexandra,walker,6,114,61,53,on-time,trv,ccu
2023-05-10,justin,ritter,7,77,38,39,on-time,del,cok
2023-05-11,jo,sullivan,6,265,188,77,on-time,maa,goi
2023-05-12,patrick,tanner,6,160,64,96,on-time,maa,ccu
2023-05-13,sheila,charles,7,130,52,78,on-time,maa,hyd
2023-05-14,nicole,smith,9,227,192,35,on-time,trv,ccu
2023-05-15,eric,walsh,6,146,65,81,on-time,maa,bom
2023-05-16,tracy,shaw,8,101,99,2,delayed,goi,del
2023-05-17,luke,welch,9,168,83,85,on-time,hyd,bom
2023-05-18,nicole,robinson,7,222,157,65,delayed,hyd,ccu
2023-05-19,andrew,henderson,6,218,69,149,on-time,amd,bom
2023-05-20,jasmine,miller,7,203,152,51,on-time,goi,trv
2023-05-21,benjamin,lopez,9,157,39,118,on-time,goi,bom
2023-05-22,howard,norris,4,246,93,153,on-time,blr,del
2023-05-23,jeremy,huber,8,215,203,12,on-time,maa,cok
2023-05-24,william,kim,4,52,33,19,on-time,ccu,trv
2023-05-25,danielle,hernandez,9,182,172,10,delayed,cok,maa
2023-05-26,susan,garrison,7,168,158,10,delayed,maa,del
2023-05-27,shannon,jones,7,76,48,28,on-time,bom,blr
2023-05-28,cameron,thomas,9,86,52,34,on-time,maa,goi
2023-05-29,edwin,smith,5,183,153,30,on-time,cok,bom
2023-05-30,melissa,frey,7,234,208,26,on-time,maa,bom
2023-05-31,pamela,berg,6,61,37,24,delayed,maa,bom
2023-06-01,andrew,berg,9,254,72,182,delayed,goi,blr
2023-06-02,stephanie,hernandez,8,90,51,39,on-time,cok,ccu
2023-06-03,heather,edwards,7,211,77,134,delayed,amd,cok
2023-06-04,john,jones,4,238,187,51,delayed,cok,amd
2023-06-05,tracy,turner,7,51,36,15,delayed,hyd,bom
2023-06-06,dylan,clark,8,76,64,12,delayed,maa,amd
2023-06-07,lisa,riley,5,167,59,108,on-time,cok,trv
2023-06-08,gary,armstrong,9,130,106,24,on-time,trv,amd
2023-06-09,stephanie,wells,8,79,52,27,on-time,cok,blr
2023-06-10,daniel,cox,9,230,106,124,delayed,blr,amd
2023-06-11,gina,mckay,4,111,69,42,delayed,blr,amd
2023-06-12,mark,meyers,9,86,62,24,on-time,amd,blr
2023-06-13,michael,brock,8,148,84,64,delayed,cok,trv
2023-06-14,amber,chung,9,285,118,167,delayed,cok,hyd
2023-06-15,adam,love,5,97,70,27,on-time,trv,del
2023-06-16,john,bell,6,293,34,259,on-time,blr,hyd
2023-06-17,heidi,mccullough,7,296,288,8,on-time,amd,goi
2023-06-18,samantha,lee,7,231,143,88,on-time,blr,bom
2023-06-19,jennifer,smith,8,57,55,2,delayed,hyd,del
2023-06-20,sheena,bishop,6,107,98,9,on-time,blr,goi
2023-06-21,kimberly,lopez,8,240,227,13,on-time,goi,trv
2023-06-22,jason,lin,4,196,59,137,on-time,goi,maa
2023-06-23,jeff,morgan,8,260,223,37,delayed,cok,trv
2023-06-24,christopher,rogers,5,158,56,102,delayed,hyd,del
2023-06-25,nicholas,carter,7,117,74,43,delayed,cok,bom
2023-06-26,jeremy,evans,5,103,74,29,on-time,blr,ccu
2023-06-27,johnathan,hughes,5,258,82,176,delayed,trv,maa
2023-06-28,jillian,wilson,8,121,106,15,delayed,maa,hyd
2023-06-29,laura,lozano,6,196,98,98,delayed,blr,cok
2023-06-30,tina,brown,4,120,113,7,delayed,blr,hyd
2023-07-01,jeremiah,tyler,5,232,112,120,delayed,amd,goi
2023-07-02,elizabeth,williamson,5,197,191,6,on-time,amd,cok
2023-07-03,james,byrd,7,69,35,34,on-time,goi,hyd
2023-07-04,nancy,fox,9,289,218,71,on-time,cok,maa
2023-07-05,richard,guzman,8,50,32,18,on-time,maa,bom
2023-07-06,tonya,johnson,8,151,57,94,on-time,ccu,goi
2023-07-07,sierra,mason,6,132,66,66,on-time,goi,blr
2023-07-08,jessica,lopez,8,268,154,114,on-time,del,bom
2023-07-09,sarah,delacruz,4,210,147,63,delayed,bom,ccu
2023-07-10,brenda,martin,7,166,30,136,on-time,ccu,blr
2023-07-11,daniel,weaver,9,127,50,77,on-time,bom,amd
2023-07-12,leslie,palmer,6,71,53,18,delayed,del,cok
2023-07-13,craig,barber,9,128,122,6,delayed,amd,bom
2023-07-14,linda,mcdaniel,9,74,30,44,delayed,cok,bom
2023-07-15,cathy,atkinson,5,201,87,114,on-time,del,bom
2023-07-16,lauren,gomez,9,137,134,3,delayed,amd,blr
2023-07-17,amanda,williams,7,68,44,24,on-time,bom,blr
2023-07-18,stephanie,johnson,4,130,77,53,on-time,blr,cok
2023-07-19,anita,jones,5,214,203,11,delayed,bom,trv
2023-07-20,erika,stevenson,8,52,49,3,delayed,cok,maa
2023-07-21,miranda,nelson,9,104,49,55,on-time,trv,cok
2023-07-22,stacey,floyd,5,72,36,36,delayed,bom,cok
2023-07-23,richard,henry,6,296,249,47,on-time,blr,hyd
2023-07-24,william,robinson,6,215,51,164,delayed,goi,hyd
2023-07-25,lisa,vasquez,9,56,51,5,on-time,ccu,trv
2023-07-26,lisa,gomez,8,180,78,102,on-time,hyd,del
2023-07-27,molly,smith,5,176,128,48,delayed,ccu,goi
2023-07-28,austin,francis,9,202,48,154,delayed,maa,amd
2023-07-29,jill,odom,5,149,140,9,on-time,maa,trv
2023-07-30,juan,phillips,9,94,90,4,delayed,del,blr
2023-07-31,matthew,smith,4,117,57,60,delayed,del,cok
2023-08-01,bruce,perry,8,123,110,13,on-time,amd,cok
2023-08-02,brett,cooper,4,213,167,46,delayed,hyd,bom
2023-08-03,ryan,george,6,70,62,8,delayed,blr,trv
2023-08-04,joseph,johnson,6,150,105,45,delayed,hyd,cok
2023-08-05,cynthia,smith,9,294,152,142,delayed,ccu,bom
2023-08-06,joseph,white,7,79,59,20,delayed,hyd,blr
2023-08-07,derek,griffin,4,53,52,1,delayed,del,ccu
2023-08-08,sierra,fitzgerald,7,293,207,86,on-time,blr,amd
2023-08-09,brooke,holmes,5,241,229,12,on-time,bom,del
2023-08-10,kristin,melendez,6,256,139,117,on-time,goi,bom
2023-08-11,victor,mcbride,6,232,177,55,delayed,cok,goi
2023-08-12,alex,garcia,8,142,37,105,on-time,trv,blr
2023-08-13,kimberly,rodriguez,6,90,46,44,delayed,trv,bom
2023-08-14,joy,romero,5,239,160,79,delayed,del,bom
2023-08-15,alison,bailey,5,61,60,1,on-time,amd,blr
2023-08-16,susan,campbell,5,288,48,240,on-time,ccu,amd
2023-08-17,jacob,williams,5,156,147,9,on-time,hyd,bom
2023-08-18,lisa,waller,8,145,45,100,delayed,blr,hyd
2023-08-19,joshua,harmon,8,61,55,6,delayed,cok,hyd
2023-08-20,savannah,pennington,6,133,41,92,on-time,del,amd
2023-08-21,scott,obrien,5,124,102,22,on-time,trv,ccu
2023-08-22,robert,espinoza,7,144,105,39,on-time,ccu,trv
2023-08-23,margaret,wheeler,5,88,30,58,on-time,del,hyd
2023-08-24,albert,robertson,8,138,111,27,delayed,maa,del
2023-08-25,justin,dalton,9,146,138,8,on-time,bom,hyd
2023-08-26,john,sparks,8,110,83,27,on-time,del,ccu
2023-08-27,steven,herrera,9,121,41,80,delayed,ccu,trv
2023-08-28,jennifer,bell,7,229,125,104,on-time,bom,blr
2023-08-29,alex,sandoval,8,84,70,14,on-time,bom,del
2023-08-30,debbie,day,7,219,63,156,delayed,hyd,maa
2023-08-31,jose,jackson,6,287,231,56,on-time,maa,goi
2023-09-01,james,alvarado,6,109,39,70,delayed,blr,bom
2023-09-02,john,black,5,77,40,37,on-time,cok,maa
2023-09-03,barbara,kennedy,7,80,64,16,on-time,ccu,goi
2023-09-04,cheryl,harrison,6,168,97,71,delayed,bom,ccu
2023-09-05,barry,stephens,9,127,120,7,delayed,ccu,amd
2023-09-06,erica,key,5,73,45,28,on-time,amd,trv
2023-09-07,samuel,george,4,223,106,117,on-time,blr,del
2023-09-08,breanna,anderson,7,268,145,123,delayed,bom,goi
2023-09-09,james,romero,4,255,233,22,delayed,bom,del
2023-09-10,carmen,palmer,4,262,229,33,delayed,blr,hyd
2023-09-11,april,johnson,7,145,117,28,delayed,trv,hyd
2023-09-12,brandi,hayden,4,55,32,23,delayed,cok,blr
2023-09-13,david,santos,4,281,246,35,on-time,bom,del
2023-09-14,richard,thomas,7,62,40,22,on-time,amd,goi
2023-09-15,michelle,watson,4,147,117,30,on-time,blr,amd
2023-09-16,robert,moran,5,282,77,205,on-time,hyd,goi
2023-09-17,carol,crawford,5,58,49,9,delayed,hyd,goi
2023-09-18,monica,harris,7,275,170,105,on-time,del,blr
2023-09-19,lisa,keller,6,148,47,101,on-time,ccu,trv
2023-09-20,james,castaneda,5,211,169,42,delayed,amd,maa
2023-09-21,anita,davenport,7,189,154,35,on-time,trv,goi
2023-09-22,jennifer,hall,6,149,64,85,delayed,del,amd
2023-09-23,joshua,mills,8,106,33,73,on-time,del,goi
2023-09-24,james,james,8,141,128,13,delayed,blr,bom
2023-09-25,julie,thomas,5,218,91,127,on-time,goi,del
2023-09-26,amanda,collins,5,197,129,68,on-time,blr,ccu
2023-09-27,stephanie,jones,5,201,111,90,on-time,trv,del
2023-09-28,regina,larson,9,229,120,109,delayed,trv,ccu
2023-09-29,thomas,kelley,7,188,109,79,delayed,cok,del
2023-09-30,aimee,woodard,4,64,44,20,delayed,del,trv
2023-10-01,ruth,reyes,7,50,40,10,delayed,blr,amd
2023-10-02,laura,hebert,9,95,71,24,delayed,del,ccu
2023-10-03,frances,trujillo,8,230,66,164,delayed,goi,maa
2023-10-04,christopher,schneider,4,145,120,25,on-time,trv,bom
2023-10-05,sean,deleon,6,127,71,56,delayed,blr,cok
2023-10-06,courtney,manning,9,295,279,16,on-time,blr,trv
2023-10-07,donald,smith,9,277,267,10,on-time,ccu,blr
2023-10-08,todd,oliver,7,128,123,5,on-time,blr,ccu
2023-10-09,george,anderson,9,50,48,2,on-time,trv,del
2023-10-10,wendy,stewart,5,204,111,93,delayed,trv,bom
2023-10-11,megan,miller,7,86,51,35,delayed,ccu,amd
2023-10-12,james,hart,6,92,70,22,delayed,maa,goi
2023-10-13,david,hill,4,117,56,61,delayed,bom,amd
2023-10-14,emily,gibson,6,251,57,194,delayed,del,cok
2023-10-15,javier,clark,7,237,137,100,delayed,amd,goi
2023-10-16,alexis,freeman,7,139,99,40,on-time,bom,goi
2023-10-17,steven,ward,8,216,205,11,delayed,blr,goi
2023-10-18,carolyn,walton,4,254,246,8,delayed,hyd,del
2023-10-19,diane,joseph,6,116,43,73,delayed,maa,blr
2023-10-20,nicholas,clark,7,91,76,15,delayed,goi,bom
2023-10-21,andrew,bartlett,6,202,187,15,on-time,del,cok
2023-10-22,daniel,bowers,9,92,68,24,on-time,blr,del
2023-10-23,david,chase,4,134,56,78,delayed,amd,trv
2023-10-24,brandon,gonzales,9,286,165,121,on-time,hyd,ccu
2023-10-25,michael,ford,4,62,55,7,on-time,blr,del
2023-10-26,john,woods,6,50,43,7,delayed,hyd,goi
2023-10-27,courtney,horton,5,74,31,43,delayed,blr,maa
2023-10-28,christine,nunez,4,171,59,112,on-time,amd,goi
2023-10-29,jessica,payne,7,279,199,80,on-time,bom,trv
2023-10-30,george,davila,7,97,77,20,on-time,maa,blr
2023-10-31,leslie,williams,7,61,46,15,on-time,cok,hyd
2023-11-01,brandi,rodriguez,5,264,98,166,delayed,blr,bom
2023-11-02,megan,house,4,221,118,103,on-time,trv,ccu
2023-11-03,rebecca,salazar,8,65,54,11,on-time,goi,cok
2023-11-04,susan,stone,8,275,90,185,on-time,hyd,bom
2023-11-05,matthew,charles,7,281,248,33,delayed,goi,trv
2023-11-06,katelyn,myers,8,223,188,35,delayed,bom,goi
2023-11-07,linda,harvey,5,292,115,177,delayed,ccu,blr
2023-11-08,kimberly,arias,4,158,50,108,on-time,ccu,blr
2023-11-09,jeffrey,rangel,8,116,70,46,delayed,bom,cok
2023-11-10,daniel,ryan,8,151,100,51,on-time,hyd,trv
2023-11-11,amy,howard,7,284,253,31,delayed,trv,goi
2023-11-12,aaron,smith,7,78,56,22,delayed,blr,bom
2023-11-13,ashley,pacheco,4,194,55,139,on-time,goi,maa
2023-11-14,robert,stewart,7,117,79,38,on-time,trv,cok
2023-11-15,katelyn,frazier,4,94,65,29,on-time,blr,cok
2023-11-16,james,calderon,4,151,143,8,on-time,ccu,del
2023-11-17,kevin,jones,9,171,98,73,on-time,del,amd
2023-11-18,emily,hamilton,6,129,65,64,on-time,bom,hyd
2023-11-19,vincent,thomas,5,126,125,1,on-time,maa,hyd
2023-11-20,anthony,richards,9,156,107,49,delayed,ccu,goi
2023-11-21,amy,humphrey,5,283,240,43,on-time,cok,trv
2023-11-22,daniel,jacobson,6,260,44,216,delayed,bom,maa
2023-11-23,joshua,oneal,9,179,133,46,delayed,goi,del
2023-11-24,jessica,matthews,5,99,55,44,delayed,ccu,del
2023-11-25,elizabeth,howard,7,62,53,9,delayed,hyd,amd
2023-11-26,mark,hardy,7,179,131,48,delayed,del,hyd
2023-11-27,tracy,garcia,6,175,144,31,delayed,cok,trv
2023-11-28,dustin,rodriguez,6,138,50,88,on-time,bom,maa
2023-11-29,michael,russell,4,148,36,112,delayed,trv,ccu
2023-11-30,kevin,robinson,5,215,87,128,delayed,hyd,cok
2023-12-01,steven,fischer,8,55,54,1,delayed,cok,blr
2023-12-02,rebekah,fisher,9,94,31,63,delayed,hyd,maa
2023-12-03,steven,vasquez,9,297,170,127,on-time,amd,maa
2023-12-04,tanya,oliver,7,114,57,57,on-time,hyd,trv
2023-12-05,michael,leon,8,151,104,47,delayed,del,trv
2023-12-06,ashley,patterson,9,297,221,76,on-time,hyd,bom
2023-12-07,zachary,roberts,7,66,51,15,on-time,maa,hyd
2023-12-08,ryan,bowman,6,217,212,5,on-time,ccu,blr
2023-12-09,anthony,smith,8,245,91,154,delayed,trv,amd
2023-12-10,brandy,kelly,9,131,117,14,delayed,del,goi
2023-12-11,anthony,graves,6,116,83,33,on-time,amd,del
2023-12-12,tyler,newman,8,231,176,55,delayed,maa,ccu
2023-12-13,trevor,harris,9,186,151,35,on-time,goi,hyd
2023-12-14,kelli,lucero,5,265,198,67,delayed,hyd,bom
2023-12-15,lauren,martinez,7,82,77,5,on-time,goi,blr
2023-12-16,emily,blair,9,280,115,165,delayed,ccu,amd
2023-12-17,justin,rogers,5,240,108,132,on-time,maa,amd
2023-12-18,rhonda,reid,6,199,105,94,on-time,bom,goi
2023-12-19,marcus,collins,4,271,192,79,delayed,cok,ccu
2023-12-20,travis,moss,8,80,73,7,on-time,goi,hyd
2023-12-21,isaiah,thompson,7,63,39,24,delayed,ccu,amd
2023-12-22,raymond,chambers,7,195,147,48,delayed,maa,blr
2023-12-23,jonathan,daniels,4,174,115,59,delayed,maa,del
2023-12-24,shannon,gonzalez,4,165,100,65,delayed,blr,ccu
2023-12-25,adrian,russo,7,251,225,26,delayed,blr,cok
2023-12-26,cassie,garcia,9,159,133,26,on-time,cok,amd
2023-12-27,melissa,tran,4,59,47,12,delayed,maa,del
2023-12-28,denise,terry,6,243,243,0,delayed,del,bom
2023-12-29,shawn,morrison,9,237,93,144,delayed,maa,hyd
2023-12-30,michael,haley,5,76,54,22,on-time,blr,bom
2023-12-31,jason,jarvis,4,126,67,59,on-time,goi,trv
2024-01-01,randy,mclaughlin,6,161,64,97,on-time,cok,maa
2024-01-02,adam,peterson,5,92,90,2,on-time,del,hyd
2024-01-03,jacob,price,5,236,63,173,delayed,del,trv
2024-01-04,sierra,nelson,5,81,53,28,delayed,amd,hyd
2024-01-05,teresa,luna,8,209,42,167,delayed,bom,del
2024-01-06,michelle,wilson,4,226,59,167,on-time,cok,amd
2024-01-07,dorothy,bruce,4,190,94,96,on-time,blr,hyd
2024-01-08,jennifer,green,9,225,191,34,delayed,hyd,cok
2024-01-09,curtis,lamb,9,75,72,3,on-time,trv,blr
2024-01-10,allison,erickson,7,262,260,2,delayed,goi,bom
2024-01-11,david,andrade,6,79,36,43,on-time,ccu,hyd
2024-01-12,douglas,potts,6,262,163,99,delayed,maa,cok
2024-01-13,kimberly,simpson,6,91,32,59,on-time,ccu,goi
2024-01-14,stephanie,smith,6,110,30,80,delayed,bom,blr
2024-01-15,alyssa,kirby,8,221,156,65,delayed,bom,trv
2024-01-16,maria,gonzalez,4,235,215,20,delayed,hyd,ccu
2024-01-17,joshua,roach,7,300,181,119,on-time,cok,del
2024-01-18,alexis,stevenson,4,258,74,184,delayed,hyd,amd
2024-01-19,nathaniel,williams,9,130,84,46,delayed,bom,del
2024-01-20,brittany,larson,4,268,65,203,delayed,maa,amd
2024-01-21,kayla,harris,7,294,167,127,delayed,maa,amd
2024-01-22,elizabeth,howe,5,79,55,24,on-time,cok,hyd
2024-01-23,michelle,richardson,7,226,152,74,on-time,blr,bom
2024-01-24,lawrence,diaz,5,228,215,13,delayed,blr,bom
2024-01-25,caitlyn,adams,7,283,181,102,on-time,trv,cok
2024-01-26,linda,wang,5,206,127,79,on-time,trv,del
2024-01-27,christina,carrillo,9,275,244,31,delayed,cok,goi
2024-01-28,ryan,morgan,4,277,135,142,on-time,del,blr
2024-01-29,natalie,flores,6,217,110,107,delayed,goi,ccu
2024-01-30,tommy,bender,9,273,116,157,delayed,amd,ccu
2024-01-31,james,garcia,7,138,114,24,on-time,blr,trv
2024-02-01,kimberly,cruz,8,63,30,33,delayed,goi,cok
2024-02-02,luis,hill,7,272,72,200,delayed,cok,maa
2024-02-03,shannon,montgomery,5,134,65,69,delayed,goi,ccu
2024-02-04,michaela,olson,8,214,126,88,on-time,ccu,bom
2024-02-05,ashley,barton,7,163,144,19,delayed,cok,goi
2024-02-06,kimberly,moran,6,80,61,19,delayed,bom,cok
2024-02-07,michelle,ballard,7,59,47,12,delayed,bom,maa
2024-02-08,heidi,anderson,8,193,82,111,on-time,maa,amd
2024-02-09,stephanie,herrera,4,259,87,172,on-time,maa,trv
2024-02-10,sarah,holloway,8,203,151,52,on-time,cok,bom
2024-02-11,nicholas,bell,4,244,198,46,delayed,del,amd
2024-02-12,sandra,hopkins,6,262,192,70,on-time,goi,trv
2024-02-13,brian,rogers,6,229,57,172,delayed,blr,goi
2024-02-14,charles,morris,5,260,213,47,on-time,bom,maa
2024-02-15,brittany,stanley,8,100,54,46,delayed,amd,ccu
2024-02-16,monica,knight,7,261,230,31,delayed,maa,bom
2024-02-17,andrew,perez,7,61,37,24,on-time,cok,trv
2024-02-18,danielle,lee,5,296,285,11,delayed,goi,del
2024-02-19,michelle,hammond,8,289,251,38,on-time,goi,blr
2024-02-20,joshua,payne,9,198,74,124,delayed,bom,cok
2024-02-21,julie,garrett,9,203,185,18,on-time,goi,amd
2024-02-22,drew,lawson,7,300,157,143,on-time,amd,maa
2024-02-23,benjamin,johnson,6,165,64,101,delayed,amd,trv
2024-02-24,joel,tanner,6,265,209,56,on-time,goi,ccu
2024-02-25,joan,lewis,5,103,67,36,on-time,blr,ccu
2024-02-26,brandon,martin,8,188,112,76,delayed,maa,trv
2024-02-27,damon,holder,7,199,176,23,on-time,goi,hyd
2024-02-28,gregory,hernandez,7,256,33,223,delayed,del,cok
2024-02-29,julie,hall,5,63,33,30,delayed,hyd,blr
2024-03-01,kelly,cortez,6,224,94,130,delayed,del,maa
2024-03-02,joseph,kelly,5,242,168,74,delayed,maa,goi
2024-03-03,patrick,thompson,4,207,202,5,delayed,goi,amd
2024-03-04,beth,davis,5,180,103,77,delayed,amd,cok
2024-03-05,jack,anderson,7,294,190,104,delayed,del,maa
2024-03-06,denise,morgan,5,208,143,65,delayed,maa,trv
2024-03-07,jodi,yates,9,204,80,124,delayed,hyd,goi
2024-03-08,edgar,walker,5,224,49,175,delayed,blr,trv
2024-03-09,jennifer,byrd,4,146,35,111,on-time,hyd,trv
2024-03-10,daniel,martinez,6,83,40,43,on-time,del,amd
2024-03-11,nicholas,greene,7,231,69,162,delayed,blr,amd
2024-03-12,regina,ballard,8,63,49,14,on-time,trv,goi
2024-03-13,nathan,castro,6,68,50,18,delayed,blr,trv
2024-03-14,megan,johnson,4,251,159,92,delayed,amd,trv
2024-03-15,chad,solomon,8,153,41,112,on-time,ccu,hyd
2024-03-16,mary,watkins,9,134,72,62,on-time,hyd,ccu
2024-03-17,breanna,meyers,8,185,151,34,delayed,bom,amd
2024-03-18,sarah,patterson,7,111,108,3,delayed,del,amd
2024-03-19,warren,silva,7,284,233,51,delayed,amd,hyd
2024-03-20,hannah,robinson,8,235,102,133,delayed,goi,maa
2024-03-21,ronald,rodriguez,8,255,160,95,on-time,cok,del
2024-03-22,martin,smith,6,279,196,83,delayed,maa,trv
2024-03-23,erik,zimmerman,4,292,79,213,delayed,goi,trv
2024-03-24,taylor,carter,4,210,46,164,delayed,ccu,cok
2024-03-25,mark,vasquez,4,102,98,4,on-time,bom,ccu
2024-03-26,tanya,montoya,4,167,114,53,delayed,bom,blr
2024-03-27,anthony,cox,4,95,62,33,delayed,trv,ccu
2024-03-28,erin,greene,6,154,79,75,on-time,amd,cok
2024-03-29,adriana,callahan,6,54,42,12,delayed,goi,del
2024-03-30,lauren,vargas,9,234,188,46,delayed,trv,del
2024-03-31,teresa,carter,9,267,48,219,on-time,goi,bom
2024-04-01,daniel,wise,6,251,205,46,on-time,trv,bom
2024-04-02,jennifer,sanchez,6,245,142,103,on-time,amd,del
2024-04-03,kathleen,roberts,7,90,64,26,delayed,blr,cok
2024-04-04,matthew,hughes,8,125,111,14,delayed,hyd,amd
2024-04-05,kathleen,mcclain,4,191,172,19,delayed,bom,del
2024-04-06,emily,morris,4,196,182,14,on-time,goi,trv
2024-04-07,sonia,white,4,128,56,72,on-time,ccu,cok
2024-04-08,jonathan,freeman,9,267,161,106,delayed,blr,ccu
2024-04-09,aaron,martin,5,207,94,113,delayed,bom,ccu
2024-04-10,brett,orozco,9,254,175,79,delayed,goi,cok
2024-04-11,evelyn,collins,9,190,48,142,on-time,bom,maa
2024-04-12,michelle,green,4,100,92,8,on-time,maa,blr
2024-04-13,roy,pham,9,217,90,127,delayed,hyd,bom
2024-04-14,jacqueline,weaver,5,131,92,39,on-time,maa,hyd
2024-04-15,joseph,ruiz,9,199,69,130,on-time,maa,cok
2024-04-16,madison,cunningham,5,51,40,11,delayed,ccu,cok
2024-04-17,anita,compton,6,265,122,143,delayed,maa,goi
2024-04-18,angela,mitchell,7,164,121,43,on-time,cok,trv
2024-04-19,timothy,anderson,4,94,40,54,on-time,blr,trv
2024-04-20,wendy,wilkinson,5,117,110,7,delayed,bom,del
2024-04-21,tiffany,morton,8,211,37,174,on-time,trv,ccu
2024-04-22,geoffrey,cunningham,4,191,96,95,on-time,blr,amd
2024-04-23,donald,wolf,7,107,105,2,on-time,blr,goi
2024-04-24,katelyn,thompson,8,180,53,127,on-time,maa,trv
2024-04-25,anna,crawford,4,219,91,128,delayed,goi,blr
2024-04-26,karen,barrera,7,90,41,49,delayed,cok,maa
2024-04-27,denise,ortiz,4,106,92,14,delayed,bom,maa
2024-04-28,brett,reynolds,6,109,35,74,delayed,goi,maa
2024-04-29,kimberly,jackson,7,170,146,24,delayed,del,amd
2024-04-30,rebecca,butler,4,230,163,67,on-time,hyd,trv
2024-05-01,brad,richmond,8,94,78,16,on-time,maa,bom
2024-05-02,steven,martin,8,114,78,36,delayed,goi,amd
2024-05-03,christina,calderon,6,259,252,7,on-time,cok,goi
2024-05-04,laura,kline,8,51,46,5,delayed,cok,blr
2024-05-05,christopher,jones,5,69,62,7,on-time,ccu,blr
2024-05-06,karen,nelson,5,90,53,37,delayed,ccu,cok
2024-05-07,wendy,pacheco,6,234,59,175,on-time,cok,goi
2024-05-08,brandon,hunt,5,201,71,130,on-time,del,hyd
2024-05-09,eileen,aguilar,4,82,66,16,delayed,blr,trv
2024-05-10,marie,yates,4,278,176,102,delayed,del,ccu
2024-05-11,tiffany,edwards,6,286,122,164,on-time,trv,del
2024-05-12,michael,ortega,9,236,199,37,on-time,bom,hyd
2024-05-13,christina,martin,7,205,150,55,on-time,blr,hyd
2024-05-14,richard,stevenson,7,203,66,137,delayed,trv,goi
2024-05-15,lauren,morgan,6,92,76,16,on-time,cok,bom
2024-05-16,kimberly,long,5,146,79,67,delayed,bom,del
2024-05-17,john,mann,5,183,159,24,on-time,blr,bom
2024-05-18,paul,garrett,5,171,39,132,delayed,bom,goi
2024-05-19,brad,cisneros,9,83,68,15,delayed,amd,trv
2024-05-20,ryan,hall,7,144,141,3,delayed,goi,amd
2024-05-21,alexander,johnson,5,290,276,14,on-time,maa,bom
2024-05-22,mary,chang,7,84,46,38,on-time,ccu,bom
2024-05-23,lauren,yates,6,203,169,34,on-time,hyd,ccu
2024-05-24,michael,nelson,4,231,220,11,delayed,trv,goi
2024-05-25,michael,conner,4,183,31,152,on-time,ccu,amd
2024-05-26,denise,cox,7,142,43,99,delayed,amd,hyd
2024-05-27,christina,thomas,6,268,167,101,on-time,trv,maa
2024-05-28,wesley,vaughan,8,120,117,3,on-time,ccu,cok
2024-05-29,donald,carter,8,250,172,78,on-time,blr,amd
2024-05-30,alicia,sellers,8,192,153,39,on-time,hyd,amd
2024-05-31,cesar,fox,9,151,124,27,delayed,bom,hyd
2024-06-01,kylie,rose,7,250,209,41,delayed,bom,hyd
2024-06-02,kimberly,scott,8,152,130,22,on-time,goi,del
2024-06-03,michael,nguyen,5,149,111,38,delayed,bom,ccu
2024-06-04,sandra,pratt,7,287,252,35,delayed,bom,maa
2024-06-05,christopher,bruce,5,144,40,104,delayed,amd,cok
2024-06-06,amy,williamson,8,217,163,54,on-time,trv,del
2024-06-07,cindy,nunez,5,213,156,57,on-time,del,hyd
2024-06-08,sara,nelson,9,288,176,112,delayed,del,trv
2024-06-09,olivia,lopez,8,228,89,139,delayed,del,amd
2024-06-10,regina,sanchez,5,217,30,187,delayed,bom,maa
2024-06-11,sandra,martinez,7,140,115,25,on-time,amd,ccu
2024-06-12,phillip,sims,8,53,53,0,delayed,bom,trv
2024-06-13,renee,villarreal,6,235,173,62,on-time,maa,hyd
2024-06-14,heather,williams,5,205,79,126,on-time,amd,del
2024-06-15,michael,mckenzie,6,94,82,12,delayed,goi,bom
2024-06-16,kathryn,banks,8,125,73,52,delayed,goi,hyd
2024-06-17,jeremy,flores,8,258,233,25,on-time,cok,amd
2024-06-18,yvonne,swanson,8,173,92,81,on-time,cok,goi
2024-06-19,james,small,8,270,37,233,on-time,bom,maa
2024-06-20,samantha,davis,4,147,111,36,delayed,ccu,amd
2024-06-21,robin,gonzales,7,294,210,84,delayed,hyd,ccu
2024-06-22,william,jimenez,6,73,55,18,on-time,bom,trv
2024-06-23,candace,aguilar,5,171,110,61,on-time,ccu,maa
2024-06-24,john,owens,5,292,127,165,on-time,ccu,hyd
2024-06-25,william,warren,9,111,63,48,delayed,ccu,hyd
2024-06-26,richard,martinez,5,264,188,76,on-time,blr,bom
2024-06-27,gregory,mcknight,4,285,70,215,on-time,trv,del
2024-06-28,michele,lopez,8,295,51,244,on-time,maa,amd
2024-06-29,alyssa,taylor,7,279,255,24,on-time,cok,blr
2024-06-30,suzanne,jones,8,121,80,41,delayed,trv,blr
2024-07-01,seth,walters,4,184,138,46,on-time,goi,del
2024-07-02,anthony,mullins,8,138,80,58,delayed,cok,bom
2024-07-03,daniel,conrad,9,182,147,35,on-time,del,bom
2024-07-04,christopher,solis,9,103,78,25,delayed,maa,amd
2024-07-05,robert,cortez,8,270,96,174,delayed,goi,hyd
2024-07-06,ryan,reyes,5,118,90,28,on-time,maa,blr
2024-07-07,justin,smith,7,158,83,75,on-time,maa,amd
2024-07-08,john,goodwin,7,121,87,34,delayed,trv,blr
2024-07-09,jasmin,dennis,8,225,88,137,delayed,hyd,ccu
2024-07-10,andrea,gross,8,160,127,33,delayed,blr,ccu
2024-07-11,james,vega,7,256,32,224,delayed,amd,goi
2024-07-12,michael,smith,5,278,247,31,on-time,cok,hyd
2024-07-13,yesenia,patton,6,193,175,18,delayed,amd,bom
2024-07-14,howard,patterson,9,91,33,58,delayed,hyd,goi
2024-07-15,sandra,ellison,9,74,58,16,on-time,hyd,amd
2024-07-16,rebecca,vasquez,6,193,172,21,on-time,maa,del
2024-07-17,sarah,torres,7,81,52,29,delayed,trv,goi
2024-07-18,nichole,brown,5,300,175,125,on-time,maa,trv
2024-07-19,stephen,sanchez,7,248,218,30,on-time,bom,cok
2024-07-20,brandon,rodriguez,8,123,89,34,delayed,blr,amd
2024-07-21,dale,cross,7,211,186,25,on-time,bom,blr
2024-07-22,linda,johnson,5,137,59,78,on-time,maa,hyd
2024-07-23,patrick,humphrey,9,118,107,11,on-time,hyd,goi
2024-07-24,amanda,howell,6,241,180,61,on-time,amd,blr
2024-07-25,jason,jones,5,268,35,233,delayed,ccu,maa
2024-07-26,eddie,roberts,9,229,221,8,delayed,ccu,blr
2024-07-27,gerald,arellano,7,76,36,40,delayed,cok,trv
2024-07-28,john,king,4,56,54,2,on-time,goi,bom
2024-07-29,kristen,powell,4,117,109,8,delayed,bom,cok
2024-07-30,jeremy,sanchez,6,108,61,47,on-time,cok,blr
2024-07-31,shelia,phillips,5,184,73,111,delayed,del,amd
2024-08-01,jennifer,thompson,6,271,151,120,on-time,goi,hyd
2024-08-02,tracy,smith,8,163,64,99,delayed,trv,cok
2024-08-03,wendy,black,9,241,192,49,on-time,goi,trv
2024-08-04,brandon,wright,6,282,118,164,on-time,goi,ccu
2024-08-05,mary,lynch,4,163,108,55,on-time,amd,hyd
2024-08-06,catherine,anderson,5,127,31,96,delayed,goi,blr
2024-08-07,sarah,anderson,6,123,90,33,delayed,cok,goi
2024-08-08,scott,henderson,6,52,43,9,on-time,trv,ccu
2024-08-09,julia,chen,4,190,125,65,delayed,amd,trv
2024-08-10,jasmine,delgado,7,151,61,90,delayed,amd,cok
2024-08-11,kimberly,good,5,117,40,77,on-time,ccu,trv
2024-08-12,ana,perry,8,256,207,49,on-time,hyd,trv
2024-08-13,rachel,cortez,6,155,54,101,delayed,blr,ccu
2024-08-14,mitchell,wyatt,6,78,70,8,on-time,trv,cok
2024-08-15,erin,cochran,6,229,189,40,on-time,ccu,amd
2024-08-16,james,palmer,4,88,33,55,delayed,blr,bom
2024-08-17,ryan,gonzalez,6,118,46,72,on-time,del,hyd
2024-08-18,michael,mason,4,88,30,58,on-time,ccu,amd
2024-08-19,jeffrey,chase,7,129,93,36,on-time,cok,del
2024-08-20,patricia,russell,6,70,39,31,delayed,hyd,cok
2024-08-21,robert,garrison,4,189,150,39,delayed,ccu,maa
2024-08-22,benjamin,simmons,7,262,33,229,delayed,ccu,cok
2024-08-23,amy,huff,7,113,34,79,delayed,cok,bom
2024-08-24,nicholas,tyler,8,220,83,137,on-time,amd,hyd
2024-08-25,reginald,hernandez,6,90,70,20,delayed,goi,trv
2024-08-26,eric,sharp,4,114,91,23,on-time,ccu,amd
2024-08-27,andrew,anderson,4,271,200,71,delayed,bom,hyd
2024-08-28,natalie,smith,9,161,113,48,delayed,blr,maa
2024-08-29,denise,diaz,8,80,55,25,delayed,del,bom
2024-08-30,timothy,kelley,8,250,206,44,on-time,trv,blr
2024-08-31,donna,thomas,6,247,52,195,delayed,blr,goi
2024-09-01,james,haynes,4,225,188,37,on-time,del,bom
2024-09-02,rachel,reed,6,215,69,146,delayed,blr,goi
2024-09-03,daisy,cunningham,5,131,101,30,on-time,cok,ccu
2024-09-04,chad,turner,4,226,126,100,on-time,blr,maa
2024-09-05,sarah,perez,4,174,142,32,on-time,goi,cok
2024-09-06,richard,garcia,5,195,77,118,on-time,maa,goi
2024-09-07,james,crawford,6,272,242,30,delayed,bom,trv
2024-09-08,robert,stephens,5,165,105,60,on-time,goi,maa
2024-09-09,meagan,dyer,7,50,50,0,on-time,blr,del
2024-09-10,leslie,ibarra,8,269,123,146,delayed,maa,bom
2024-09-11,kenneth,burns,9,297,228,69,delayed,goi,cok
2024-09-12,kristen,archer,8,89,69,20,on-time,maa,cok
2024-09-13,david,jones,9,132,44,88,delayed,goi,bom
2024-09-14,wanda,vargas,4,263,63,200,delayed,del,hyd
2024-09-15,maria,garcia,4,174,79,95,delayed,del,cok
2024-09-16,gabriel,walker,9,175,164,11,on-time,del,amd
2024-09-17,michael,young,5,205,48,157,delayed,ccu,goi
2024-09-18,misty,price,4,169,45,124,on-time,goi,amd
2024-09-19,michael,jackson,6,253,211,42,delayed,trv,hyd
2024-09-20,alyssa,mcmahon,8,60,53,7,delayed,hyd,bom
2024-09-21,kelly,green,5,295,295,0,delayed,bom,hyd
2024-09-22,jeffery,beck,8,148,54,94,delayed,goi,ccu
2024-09-23,travis,rodriguez,8,210,75,135,on-time,bom,amd
2024-09-24,daniel,fox,9,167,139,28,delayed,blr,ccu
2024-09-25,morgan,bryant,8,152,94,58,on-time,blr,trv
2024-09-26,christopher,hernandez,8,163,120,43,on-time,goi,maa
2024-09-27,jennifer,murphy,6,155,127,28,on-time,maa,ccu
2024-09-28,david,lee,8,189,84,105,on-time,goi,hyd
2024-09-29,tracy,cole,6,296,261,35,on-time,amd,del
2024-09-30,dawn,taylor,9,58,39,19,delayed,goi,blr
2024-10-01,heather,oneal,6,51,39,12,delayed,ccu,amd
2024-10-02,kimberly,strickland,4,247,240,7,on-time,goi,trv
2024-10-03,jared,clay,8,196,176,20,delayed,bom,del
2024-10-04,larry,hayes,7,141,49,92,delayed,hyd,amd
2024-10-05,jeff,callahan,8,113,59,54,on-time,hyd,bom
2024-10-06,andrew,chambers,8,152,102,50,delayed,bom,amd
2024-10-07,tonya,suarez,7,94,92,2,delayed,trv,hyd
2024-10-08,andrew,garcia,4,237,236,1,on-time,bom,del
2024-10-09,mark,hill,6,139,134,5,on-time,amd,bom
2024-10-10,adam,cox,5,241,197,44,delayed,amd,del
2024-10-11,samuel,lee,6,184,40,144,on-time,goi,blr
2024-10-12,larry,haney,6,178,86,92,delayed,del,cok
2024-10-13,john,taylor,7,242,182,60,delayed,ccu,cok
2024-10-14,lauren,frey,6,251,130,121,delayed,blr,amd
2024-10-15,elizabeth,kim,4,171,42,129,on-time,hyd,bom
2024-10-16,john,long,7,178,141,37,delayed,blr,goi
2024-10-17,kelsey,white,8,100,92,8,on-time,trv,ccu
2024-10-18,amanda,perez,8,207,164,43,delayed,ccu,bom
2024-10-19,william,rodriguez,6,248,140,108,on-time,trv,bom
2024-10-20,michael,bishop,4,221,135,86,on-time,maa,amd
2024-10-21,kaitlin,davis,5,132,74,58,delayed,hyd,blr
2024-10-22,michael,rose,6,207,143,64,delayed,cok,del
2024-10-23,helen,miller,5,101,77,24,delayed,bom,blr
2024-10-24,danny,clark,9,63,45,18,delayed,hyd,del
2024-10-25,clifford,kramer,6,227,58,169,on-time,cok,goi
2024-10-26,jennifer,holden,4,134,56,78,delayed,ccu,trv
